"Title", "Release Date", "Categories","Languages","File Name"
"AcDrEn movie", "1998", "Action, Drama", "English", "TheThirdMan.mp4"
"AdAnCoCh movie", "1998", "Adventure, Animation, Comedy", "Chinese", "TheThirdMan.mp4"
"AcEn movie", "1998", "Action", "English", "TheThirdMan.mp4"
"AcEn movie", "1998", "Action", "English", "TheThirdMan.mp4"
"AcEn movie", "1998", "Action", "English", "TheThirdMan.mp4"
"AcEn movie", "1998", "Action", "English", "TheThirdMan.mp4"
"AcEn movie", "1998", "Action", "English", "TheThirdMan.mp4"
"AcEn movie", "1998", "Action", "English", "TheThirdMan.mp4"
"AcEn movie", "1998", "Action", "English", "TheThirdMan.mp4"
"AcEn movie", "1998", "Action", "English", "TheThirdMan.mp4"
"AcEn movie", "1998", "Action", "English", "TheThirdMan.mp4"
"AcEn movie", "1998", "Action", "English", "TheThirdMan.mp4"
"AcEn movie", "1998", "Action", "English", "TheThirdMan.mp4"
"AcEn movie", "1998", "Action", "English", "TheThirdMan.mp4"
"AcEn movie", "1998", "Action", "English", "TheThirdMan.mp4"
"AcEn movie", "1998", "Action", "English", "TheThirdMan.mp4"
"AcEn movie", "1998", "Action", "English", "TheThirdMan.mp4"
"AcEn movie", "1998", "Action", "English", "TheThirdMan.mp4"
"AcEn movie", "1998", "Action", "English", "TheThirdMan.mp4"
"AcEn movie", "1998", "Action", "English", "TheThirdMan.mp4"
"AcEn movie", "1998", "Action", "English", "TheThirdMan.mp4"
"AcEn movie", "1998", "Action", "English", "TheThirdMan.mp4"
"AcEn movie", "1998", "Action", "English", "TheThirdMan.mp4"
"AcEn movie", "1998", "Action", "English", "TheThirdMan.mp4"
"AcEn movie", "1998", "Action", "English", "TheThirdMan.mp4"
"AcEn movie", "1998", "Action", "English", "TheThirdMan.mp4"
"AcEn movie", "1998", "Action", "English", "TheThirdMan.mp4"
"AcEn movie", "1998", "Action", "English", "TheThirdMan.mp4"
"AcEn movie", "1998", "Action", "English", "TheThirdMan.mp4"
"AcEn movie", "1998", "Action", "English", "TheThirdMan.mp4"
"AcEn movie", "1998", "Action", "English", "TheThirdMan.mp4"
"AcEn movie", "1998", "Action", "English", "TheThirdMan.mp4"
"AcEn movie", "1998", "Action", "English", "TheThirdMan.mp4"
"AcEn movie", "1998", "Action", "English", "TheThirdMan.mp4"
"AcEn movie", "1998", "Action", "English", "TheThirdMan.mp4"
"AcEn movie", "1998", "Action", "English", "TheThirdMan.mp4"
"AcEn movie", "1998", "Action", "English", "TheThirdMan.mp4"
"AcEn movie", "1998", "Action", "English", "TheThirdMan.mp4"
"AcEn movie", "1998", "Action", "English", "TheThirdMan.mp4"
"CrJa movie", "1998", "Crime", "Japanese", "TheThirdMan.mp4"
"DeEnChJaHK movie", "1998", "Detective", "English, Chinese, Japanese, HongKong", "TheThirdMan.mp4"
"DrHoMuRoWaCh movie", "1998", "Drama,Horror, Musical, Romance", "Chinese", "TheThirdMan.mp4"
"siChJaHKInTh movie", "1998", "si-fi", "Chinese, Japanese, HongKong, Indian, Thai", "TheThirdMan.mp4"
"My cool movie", "1998", "Action, Drama", "English", "TheThirdMan.mp4"
"My cool movie", "1998", "Action, Drama", "English", "TheThirdMan.mp4"
"My cool movie", "1998", "Action, Drama", "English", "TheThirdMan.mp4"
"My cool movie", "1998", "Action, Drama", "English", "TheThirdMan.mp4"
"My cool movie", "1998", "Action, Drama", "English", "TheThirdMan.mp4"
"My cool movie", "1998", "Action, Drama", "English", "TheThirdMan.mp4"